Document_1,Document_2,Similarity_avg,Similarity_avg_normalized,Similarity_word2vec,Similarity_doc2vec
1,2,1.5,0.125,0.18014877136715335,0.38740785507657227
1,3,1.2,0.0499999999999999,0.5396785077277104,0.24166412494110456
1,4,1.0,0.0,0.27400946932842485,0.16936985880961064
1,5,1.5,0.125,0.392186355883395,0.2740447726280168
1,6,2.5,0.375,0.2520699802952751,0.3853430541331251
1,7,1.3,0.075,0.3286118094637872,0.20592957790180766
1,8,1.2,0.0499999999999999,0.3569235814514322,0.3362532911797777
1,9,1.0,0.0,0.46433031765928734,0.5390663416340455
1,10,1.3,0.075,0.3084089346510908,0.22072556893402134
1,11,1.3,0.075,0.34029930491143895,0.11143704865857217
1,12,1.3,0.075,0.37019786413093647,0.14920427893194504
1,13,1.2,0.0499999999999999,0.23263080824148802,0.4645164090665973
1,14,5.0,1.0,0.9652218923044065,0.9444584466703576
1,15,1.3,0.075,0.3026431079385927,0.3959843335437936
1,16,1.6,0.15,0.4234994240835811,0.2322544523740173
1,17,1.2,0.0499999999999999,0.43381645974105143,0.23885276892604332
1,18,1.4,0.0999999999999999,0.29947729221976055,0.33302257453162715
1,19,1.1,0.025,0.26559523408675867,0.33478971971182625
1,20,1.3,0.075,0.4326244023652176,0.3031213939481259
1,21,1.0,0.0,0.2960535909813229,0.3799185979137491
1,22,2.6,0.4,0.4366339872398362,0.30653880719872506
1,23,1.1,0.025,0.26988724391855956,0.4416676810207505
1,24,1.0,0.0,0.095255592382926,0.2373813399968289
1,25,1.3,0.075,0.4494994719040879,0.31060880161315735
1,26,1.1111111111111112,0.0277777777777777,0.28724893051506817,0.30590105786944555
1,27,1.1,0.025,0.39764377419682595,0.22531247553877057
1,28,1.4,0.0999999999999999,0.3315114824582146,0.11370102074050047
1,29,1.7,0.175,0.5345075937260935,0.3480559487612494
1,30,1.5,0.125,0.3879934610393641,0.2195083892452799
1,31,1.3,0.075,0.38721466742819444,0.23576092327138012
1,32,2.4,0.35,0.4877592178248197,0.44335766371625024
1,33,4.8,0.95,0.7828527740325708,0.8206473671649775
1,34,1.1,0.025,0.2764651113950969,0.46820017119043683
1,35,1.6666666666666667,0.1666666666666666,0.19744945993067817,0.35588125404689935
1,36,1.5,0.125,0.44255998191037826,0.19992728308369262
1,37,1.1,0.025,0.4846729947131622,0.17596513837924557
1,38,1.2727272727272727,0.0681818181818181,0.4082427265148304,0.462376599136899
1,39,1.8,0.2,0.16429658891923934,0.4909104681509326
1,40,1.1,0.025,0.19678133922056104,0.22469980932850805
1,41,1.2,0.0499999999999999,0.3433836947878931,0.3641077201922678
1,42,1.2,0.0499999999999999,0.27058718634619505,0.1865912156485317
1,43,1.3,0.075,0.17563381899625374,0.28868998126011847
1,44,1.1,0.025,0.33335409118046216,0.32632406383038837
1,45,1.8,0.2,0.19674725802348247,0.44225341958230974
1,46,2.2,0.3,0.5666631346607975,0.5548306751918258
1,47,1.2,0.0499999999999999,0.23790491963371263,0.4221763672189277
1,48,1.8,0.2,0.3794069152656956,0.3796513259971761
1,49,1.6,0.15,0.25036524301699997,0.5179341959503662
1,50,2.5,0.375,0.6053553777012,0.6168044250748365
2,3,1.4,0.0999999999999999,0.17237075451470962,0.0726348408055723
2,4,1.0,0.0,0.24456846161958562,0.2697660112451926
2,5,1.2,0.0499999999999999,0.25577362091865524,0.18953807257160926
2,6,1.2,0.0499999999999999,0.25145146177388855,0.34077914648342733
2,7,1.2,0.0499999999999999,0.5338186055629064,0.47300158102716977
2,8,1.5,0.125,0.23339719931532732,0.24257858624670914
2,9,1.3333333333333333,0.0833333333333333,0.4356734261701416,0.4362402161711179
2,10,1.0,0.0,0.18275918125145454,0.2017928934429692
2,11,1.0,0.0,0.3213502994578251,0.27838255968232384
2,12,1.0,0.0,0.2103552950203493,0.09939212834959056
2,13,1.2,0.0499999999999999,0.3032370768586033,0.2394708295601403
2,14,1.2,0.0499999999999999,0.21178741681973878,0.2914841458011557
2,15,1.181818181818182,0.0454545454545454,0.19343320233084516,0.19223617902269166
2,16,1.0,0.0,0.2375770040904442,0.09404359255102886
2,17,1.1,0.025,0.21432125929794782,0.16385414069963858
2,18,1.5,0.125,0.446459261705315,0.46413532048188255
2,19,1.3,0.075,0.43537026016820957,0.5650000027710045
2,20,1.5,0.125,0.48633041793728315,0.3978982541639967
2,21,1.1,0.025,0.27427993408879997,0.30860709441027667
2,22,2.3,0.3249999999999999,0.1324689685786992,0.27197725698294684
2,23,1.2,0.0499999999999999,0.26162094507719774,0.22513142535075675
2,24,1.2,0.0499999999999999,0.2760291969776879,0.2766751230916991
2,25,1.0,0.0,0.22771055715017988,0.1836363877255032
2,26,1.0,0.0,0.18272195365319988,0.23313979310434904
2,27,1.4,0.0999999999999999,0.40112350281739184,0.14414855219714978
2,28,1.0,0.0,0.2357860286462501,0.3466752833598002
2,29,1.2,0.0499999999999999,0.2102721982829837,0.3978217504256874
2,30,1.1,0.025,0.4475854494525685,0.5170689676905299
2,31,1.1,0.025,0.2421399433134112,0.526889418093391
2,32,1.5,0.125,0.25233949395916394,0.39993565115605734
2,33,2.0,0.25,0.23059274471162458,0.3082520190236328
2,34,1.0,0.0,0.18631932989334693,0.3686524984429255
2,35,1.0,0.0,0.09445398103273886,0.14264074908549335
2,36,1.0,0.0,0.2922170723609463,0.31795478771316754
2,37,1.3,0.075,0.1309953320049704,0.2287980348739113
2,38,1.1,0.025,0.17163844915011411,0.1652285298903762
2,39,1.4,0.0999999999999999,0.38183297363107105,0.4300449325720463
2,40,1.2,0.0499999999999999,0.32409306708144126,0.33050799180636536
2,41,1.1,0.025,0.3324761622275013,0.29117879635611615
2,42,1.6,0.15,0.2591257510188195,0.23884906859242902
2,43,1.1,0.025,0.19389624783759646,0.4067450318767223
2,44,1.2,0.0499999999999999,0.21302860904091192,0.22212604145387208
2,45,1.1,0.025,0.2896807686605607,0.4375169642157956
2,46,1.2727272727272727,0.0681818181818181,0.273186113568769,0.22639214604086813
2,47,1.0,0.0,0.21971553267287847,0.5223319369660576
2,48,1.2,0.0499999999999999,0.18686925852832154,0.21979508248548338
2,49,3.5,0.625,0.7161382227606279,0.6486540900846739
2,50,1.3,0.075,0.23087896764662186,0.21459479144406501
3,4,1.8,0.2,0.5242151443661478,0.2780349665729206
3,5,2.3,0.3249999999999999,0.7774500976246227,0.5714649623623366
3,6,1.3,0.075,0.3131309219679519,0.2719376960325506
3,7,2.3,0.3249999999999999,0.5446519180375323,0.22362746293976363
3,8,1.7,0.175,0.6007509441391967,0.30418055544444605
3,9,1.1,0.025,0.24914000066344216,0.20739557061995068
3,10,2.3,0.3249999999999999,0.5741042288429998,0.353146661524972
3,11,1.8,0.2,0.6533317860648251,0.4021615437971422
3,12,2.3,0.3249999999999999,0.6753490399309565,0.6568961396696377
3,13,1.8,0.2,0.19507337072635592,0.39325388393641814
3,14,1.7,0.175,0.5327212186918111,0.21111959855170215
3,15,1.2,0.0499999999999999,0.229963206305729,0.3417533283545848
3,16,3.4,0.6,0.6966592809717456,0.5119751466033508
3,17,1.8,0.2,0.4237016602465463,0.31873502067351484
3,18,2.5,0.375,0.42621601110578966,0.33198819523789175
3,19,2.0,0.25,0.27874914969963566,0.24580127440561733
3,20,2.3,0.3249999999999999,0.396264683665089,0.337129874565699
3,21,2.4,0.35,0.4795090686650566,0.2101590494680905
3,22,1.2,0.0499999999999999,0.4504439633839079,0.3871317222567273
3,23,1.3,0.075,0.13323566972625958,0.4452221397536937
3,24,1.6,0.15,0.24877914216191777,0.26955191535280415
3,25,1.8,0.2,0.5858936770948828,0.3975662858945637
3,26,1.6,0.15,0.2479676398934953,0.3772446076378555
3,27,1.8,0.2,0.385936125411084,0.2965034562365982
3,28,1.8,0.2,0.5425651989678177,0.35808678686868006
3,29,2.2,0.3,0.6052030361024074,0.38682291828002907
3,30,1.1,0.025,0.39038790757901515,0.337389741054411
3,31,1.0,0.0,0.3045486524342526,0.23054451385754976
3,32,1.5,0.125,0.6175685056349356,0.44793007527182466
3,33,2.7,0.425,0.5677773030163656,0.21017717599241387
3,34,1.0,0.0,0.23009561879962265,0.18025359448111739
3,35,1.1,0.025,0.2897711329525431,0.4136963802075516
3,36,2.0,0.25,0.4939117644148665,0.29110382063279633
3,37,2.2222222222222223,0.3055555555555556,0.6733252042736189,0.5601893253477352
3,38,5.0,1.0,0.6761909594506104,0.7782930950662121
3,39,1.4545454545454546,0.1136363636363636,0.35214572306275027,0.31499432162872576
3,40,1.7,0.175,0.331275242894159,0.3211001912622271
3,41,1.3,0.075,0.19097827332129758,0.197249803058834
3,42,2.6,0.4,0.5638678947263509,0.499441768232281
3,43,2.1,0.275,0.37398061908433766,0.35310422280422515
3,44,1.6,0.15,0.5200960840466022,0.3412177554579757
3,45,1.5,0.125,0.4072607505173366,0.3424758014425061
3,46,2.3,0.3249999999999999,0.4108372628256354,0.39570133824402076
3,47,1.3,0.075,0.20307503312125835,0.0757434899545126
3,48,2.2,0.3,0.4447739579272698,0.4109430137424962
3,49,1.4,0.0999999999999999,0.4179873668549481,0.18290513630310928
3,50,1.8,0.2,0.5507169364907643,0.43010877275299375
4,5,2.333333333333333,0.3333333333333333,0.5322558016161785,0.3487886334674157
4,6,1.1,0.025,0.17159312602112475,0.2752628451800926
4,7,4.0,0.75,0.7048975052476388,0.5812814110258995
4,8,3.9,0.725,0.843532097516583,0.503796824115658
4,9,1.0,0.0,0.23879800991855626,0.20819206268887486
4,10,3.1,0.525,0.7690183350558564,0.3604194478410145
4,11,3.3,0.575,0.7309250004379511,0.4714521629399024
4,12,3.6,0.65,0.772017620195635,0.4795114409996966
4,13,1.6,0.15,0.11915474294364849,0.40883460816849787
4,14,1.3,0.075,0.27128856324215156,0.2580106608046722
4,15,1.0,0.0,0.28213291916397093,0.2905583011911122
4,16,3.7,0.675,0.7056316348432164,0.5330406139731984
4,17,1.6666666666666667,0.1666666666666666,0.4061221277493145,0.372328393591539
4,18,2.1,0.275,0.36728843741459505,0.2607403382959982
4,19,1.3,0.075,0.3281380517439,0.3961952700785799
4,20,1.3,0.075,0.3337317691501888,0.21184803457772702
4,21,3.0,0.5,0.5611360466055781,0.3121332444028194
4,22,1.1,0.025,0.3319856155635995,0.4547080562505495
4,23,2.6,0.4,0.15585831161081443,0.1312586450580267
4,24,2.9,0.475,0.24571258750805158,0.3698288360126493
4,25,1.5,0.125,0.36808414831540504,0.2644942699025348
4,26,2.3,0.3249999999999999,0.16486784702171162,0.2930607452870906
4,27,2.7,0.425,0.38120242151035627,0.36144994924382223
4,28,3.1,0.525,0.6589973131710375,0.500513894125578
4,29,3.1,0.525,0.3614898150117116,0.21258172605061332
4,30,1.0,0.0,0.3270709576931297,0.30206695038242876
4,31,1.6,0.15,0.22850627385479677,0.2909106049890171
4,32,1.2,0.0499999999999999,0.4592148304119616,0.2215464270639463
4,33,1.2,0.0499999999999999,0.3486780584766972,0.1802480944427224
4,34,1.2,0.0499999999999999,0.18071537255447717,0.15618117999477032
4,35,1.2,0.0499999999999999,0.14101342848667694,0.45820204091608097
4,36,4.0,0.75,0.33102259516378973,0.3000592370912224
4,37,1.4,0.0999999999999999,0.329248065874889,0.3655593367589883
4,38,1.7,0.175,0.4241643934654302,0.21778373220151287
4,39,1.9,0.2249999999999999,0.3061215482399437,0.21646645043413992
4,40,1.4,0.0999999999999999,0.347569026632818,0.327154382977591
4,41,1.0,0.0,0.19770053911106616,0.2116685514026259
4,42,2.9,0.475,0.603775320718549,0.4491581401465334
4,43,1.8888888888888888,0.2222222222222222,0.26081436024011095,0.19717954389313994
4,44,1.9,0.2249999999999999,0.44213244512340105,0.39672707634545057
4,45,1.6,0.15,0.4253782247059166,0.19077509205642143
4,46,2.8,0.4499999999999999,0.25365652779752357,0.5005371923762969
4,47,1.3,0.075,0.16317004876150767,0.31444250157513143
4,48,2.3,0.3249999999999999,0.3734876514022171,0.29624049186637813
4,49,1.0,0.0,0.39539179815127495,0.24801114497763982
4,50,1.8,0.2,0.3870056733973193,0.18867552397744639
5,6,1.1,0.025,0.29808286483183377,0.19349039059956433
5,7,1.8,0.2,0.5601654681154585,0.42978897581549985
5,8,2.1,0.275,0.5441648299486038,0.295327031942391
5,9,1.2,0.0499999999999999,0.2935694343574449,0.15407773385082255
5,10,3.9,0.725,0.5247761656523087,0.2337562283194459
5,11,3.4,0.6,0.7369901185647951,0.677572331909083
5,12,2.8,0.4499999999999999,0.5137596872219545,0.46374421919091857
5,13,1.2,0.0499999999999999,0.16339465410917153,0.37440482119039814
5,14,1.3,0.075,0.40424738425325246,0.2912611452744896
5,15,1.1,0.025,0.23772913991152586,0.2268993173293235
5,16,3.5,0.625,0.6025513926776264,0.4789512183732135
5,17,1.7,0.175,0.35969364052621333,0.42745902227970073
5,18,1.4,0.0999999999999999,0.513375703084515,0.2511620982776058
5,19,1.2,0.0499999999999999,0.35885080453949125,0.1465093087965298
5,20,2.0,0.25,0.46473828579156745,0.3876989916768738
5,21,2.2,0.3,0.5101572560750312,0.23358378167134478
5,22,1.1,0.025,0.27573745797843185,0.31974468728943084
5,23,2.4,0.35,0.18072364505357286,0.3601753519424031
5,24,2.4,0.35,0.37128783620726924,0.43895616566160006
5,25,1.6,0.15,0.503515347212846,0.3766854759464408
5,26,1.6,0.15,0.23701405866682113,0.24913472233950945
5,27,2.5,0.375,0.4653881013202538,0.3044505556574053
5,28,1.9,0.2249999999999999,0.45715803137434474,0.37427076591294767
5,29,1.7,0.175,0.4428439761404185,0.26057314802624787
5,30,1.1,0.025,0.3842887775480762,0.2414497786094208
5,31,1.2222222222222223,0.0555555555555555,0.27002672761767543,0.15644376838485125
5,32,1.9,0.2249999999999999,0.5387419299987807,0.27923813158836813
5,33,1.6,0.15,0.5487280333636629,0.22054479361839557
5,34,1.1,0.025,0.263596884495945,0.3435887846560711
5,35,1.1,0.025,0.2586730774068207,0.3784199875962393
5,36,2.2,0.3,0.6237771617256516,0.45896733055920885
5,37,2.1,0.275,0.45529704132812876,0.42665620725885756
5,38,1.6,0.15,0.5178566928790609,0.3420155215503388
5,39,1.3,0.075,0.4264281676585667,0.2942354822068967
5,40,1.2,0.0499999999999999,0.41922530083977383,0.2201131852911599
5,41,1.0,0.0,0.23325211322934825,0.18909436791406886
5,42,3.8,0.7,0.800776872616854,0.6909003997400736
5,43,1.9,0.2249999999999999,0.4405167336511009,0.33339502666494947
5,44,2.3,0.3249999999999999,0.6625348631903173,0.5184202105249988
5,45,1.4,0.0999999999999999,0.47603426333676424,0.32973979292043015
5,46,2.0,0.25,0.3749143267340169,0.3035699395186899
5,47,1.3,0.075,0.23921935089697033,0.3032273159085059
5,48,1.7,0.175,0.44108574729495326,0.3325544358220378
5,49,1.1,0.025,0.47496975228415417,0.3477731308737398
5,50,1.6,0.15,0.4396035050672503,0.29311077837490157
6,7,1.0,0.0,0.2213055975798931,0.2454222984526036
6,8,1.6,0.15,0.24533387433251463,0.1659550649839389
6,9,1.0,0.0,0.35998522199926924,0.35780667245167236
6,10,1.0,0.0,0.2692166645533648,0.33211259960904754
6,11,1.2,0.0499999999999999,0.0644363169692863,0.14670523117395462
6,12,1.1,0.025,0.16350071543745637,0.2815862379159235
6,13,1.2222222222222223,0.0555555555555555,0.4967702452616618,0.2722318597238043
6,14,1.6666666666666667,0.1666666666666666,0.3605281441866136,0.392014096205782
6,15,2.7,0.425,0.17690174352280713,0.508847385298248
6,16,1.0,0.0,0.21250359194894555,0.1214806517967198
6,17,1.1,0.025,0.3718479218697275,0.27063837191481455
6,18,1.2,0.0499999999999999,0.22704164165520457,0.1772070342252103
6,19,2.4,0.35,0.1419764760786587,0.3211725877332044
6,20,2.0,0.25,0.24622710261599276,0.22166686070039043
6,21,1.0,0.0,0.1762753772561267,0.12692539015239251
6,22,1.0,0.0,0.25671115047281035,0.4601064652511131
6,23,1.9,0.2249999999999999,0.3016788069267785,0.37421774916585004
6,24,1.0,0.0,0.33299243644539167,0.34268039999718564
6,25,1.3,0.075,0.4499522078562541,0.18354995936256102
6,26,1.7,0.175,0.27589423823733894,0.313713798724313
6,27,1.2,0.0499999999999999,0.48784825516233576,0.3900343664959054
6,28,1.3,0.075,0.11204901255388033,0.43165637493140724
6,29,1.0,0.0,0.45427531853327396,0.38111035300792095
6,30,2.1,0.275,0.42019288629728924,0.3890402196652983
6,31,1.5,0.125,0.35567368007082556,0.3979284777928664
6,32,1.2,0.0499999999999999,0.3094581746481778,0.36960928466670345
6,33,1.3,0.075,0.2801379125952175,0.39907798286848006
6,34,1.0,0.0,0.28924385424515187,0.38223179282622083
6,35,1.7,0.175,0.9116576044015519,0.42225887615004043
6,36,1.4,0.0999999999999999,0.3702675144395984,0.17371628498531408
6,37,1.0,0.0,0.295126062366047,0.2593763362144581
6,38,1.0,0.0,0.16073863546308517,0.3021802375741142
6,39,2.0,0.25,0.11474720122599338,0.4857112467089446
6,40,1.3,0.075,0.21982533106968502,0.19517180293829306
6,41,1.1,0.025,0.4386133183653528,0.46033237834986024
6,42,1.3,0.075,0.04534978322205786,0.1556455488151303
6,43,1.5,0.125,0.5483146463955356,0.351529676106493
6,44,1.1,0.025,0.13569876819686913,0.26117425005406614
6,45,1.1,0.025,-0.09502168801704963,0.2406244014840599
6,46,1.1,0.025,0.4009377851844699,0.24769708207782254
6,47,1.181818181818182,0.0454545454545454,0.15001018490071497,0.3792116856351293
6,48,1.5,0.125,0.21508133709901778,0.21155631547978254
6,49,1.4,0.0999999999999999,0.18096736595827956,0.2482426426389645
6,50,1.3,0.075,0.26460150186081455,0.3064473062573764
7,8,3.7,0.675,0.6545423016206928,0.4475901730833751
7,9,1.0,0.0,0.3591722049653401,0.23190025410517656
7,10,2.7,0.425,0.5565938904105232,0.20935699570458075
7,11,3.4,0.6,0.5838740487953864,0.4102405356889946
7,12,3.1,0.525,0.5859613624617241,0.3647885934455848
7,13,1.5,0.125,0.3016764517352692,0.3460718144218211
7,14,1.5,0.125,0.33478621451091917,0.26477901821678285
7,15,1.1,0.025,0.356897726391631,0.34120586121580665
7,16,3.4,0.6,0.6296528744324305,0.36482134144845346
7,17,1.6,0.15,0.48505872035825864,0.4199229900001973
7,18,1.1,0.025,0.5307647796487618,0.21758060385885
7,19,1.0,0.0,0.40754477575729187,0.3761587165737789
7,20,1.6,0.15,0.5468889067688658,0.37177030964919433
7,21,3.1,0.525,0.5585985906176165,0.2836816935864331
7,22,1.1,0.025,0.369718957431015,0.2982977175303937
7,23,2.9,0.475,0.29485297423961526,0.2635227725229347
7,24,2.4444444444444446,0.3611111111111111,0.3725207034054961,0.19035622892814172
7,25,1.7,0.175,0.4430876664469701,0.4143344463638231
7,26,1.8,0.2,0.28724916568011083,0.343267984778241
7,27,2.7,0.425,0.5095679109452932,0.27866400409463177
7,28,4.2,0.8,0.7871753059345998,0.7300238170032906
7,29,2.1,0.275,0.40567006955966933,0.2500416455164484
7,30,1.1,0.025,0.4047378359758127,0.3570648619761811
7,31,1.0,0.0,0.2964620765271542,0.38834598389883174
7,32,1.6,0.15,0.47712462878053385,0.18760040048529547
7,33,1.3,0.075,0.4286187067694762,0.27963929770308416
7,34,1.2,0.0499999999999999,0.23083313909949743,0.36385579071530544
7,35,1.7,0.175,0.14350197100772372,0.2259318535398669
7,36,3.9,0.725,0.43667324168556154,0.5112673455770349
7,37,1.3636363636363635,0.0909090909090908,0.39303558213311335,0.40636199495837905
7,38,1.7,0.175,0.4832617842079464,0.15033577363192457
7,39,1.2,0.0499999999999999,0.31082915530739097,0.16804651557824196
7,40,1.4,0.0999999999999999,0.46126816110789187,0.24849265495309428
7,41,1.0,0.0,0.2953634508496703,0.0489990701066441
7,42,2.5,0.375,0.5104687679323411,0.27088427459492437
7,43,1.6,0.15,0.3181048694764123,0.20522317333297735
7,44,1.3,0.075,0.40481578636687376,0.21996978260192127
7,45,1.9,0.2249999999999999,0.38162392238261267,0.2961063952740021
7,46,1.9,0.2249999999999999,0.3883481042688861,0.45176044877379284
7,47,1.0,0.0,0.26294586780548146,0.37342597440231473
7,48,2.0,0.25,0.39239592302248383,0.1781432720409771
7,49,1.1,0.025,0.6045448456266205,0.5000853612356811
7,50,1.3,0.075,0.4437836219721787,0.05913710735796995
8,9,1.2,0.0499999999999999,0.30151584032734435,0.23098211070554134
8,10,2.9,0.475,0.8686000116720605,0.5029906827336487
8,11,3.1,0.525,0.7339569503511258,0.34206558500046946
8,12,3.2,0.55,0.8293738276319542,0.5061247488561599
8,13,1.3,0.075,0.15554287973084113,0.26244810210850134
8,14,1.3,0.075,0.3514557166531153,0.4193038422699498
8,15,1.2,0.0499999999999999,0.22893356083001598,0.16917213968016745
8,16,3.5,0.625,0.78749423260673,0.5508779508245497
8,17,1.2,0.0499999999999999,0.38198328205099985,0.3566127827576399
8,18,1.3,0.075,0.42244565843622706,0.22732351713186794
8,19,1.0,0.0,0.2636248624459484,0.19514865858582367
8,20,1.4,0.0999999999999999,0.3309065576254136,0.11759644941661256
8,21,4.7,0.925,0.719464961669269,0.753607880481401
8,22,1.3,0.075,0.3075956048930616,0.20379048125268673
8,23,2.5,0.375,0.2152028917929973,0.14668127176259144
8,24,2.3,0.3249999999999999,0.24327079200328566,0.18776828561929698
8,25,1.6,0.15,0.5103023314754409,0.6392238225777558
8,26,2.2,0.3,0.2746315485765798,0.36866715994749044
8,27,2.5,0.375,0.3356725765828608,0.3099765072400878
8,28,3.8,0.7,0.651628392594847,0.3805236770073694
8,29,2.2,0.3,0.39619627215359104,0.21643389609692473
8,30,1.2,0.0499999999999999,0.29794984897090815,0.18985122708911234
8,31,1.9,0.2249999999999999,0.3849364494278007,0.39995896653711543
8,32,1.2,0.0499999999999999,0.5218530647026858,0.29467470946319896
8,33,1.0,0.0,0.43322804571569495,0.397624868612117
8,34,1.0,0.0,0.25043454879649496,0.18311783520098
8,35,1.7,0.175,0.1829580208001991,0.43640206582015895
8,36,3.6,0.65,0.3513660313258022,0.2542827736011916
8,37,1.3,0.075,0.3624154966038162,0.305974646176391
8,38,1.4,0.0999999999999999,0.4812381040779554,0.31370553686330765
8,39,1.7,0.175,0.28984128084882455,0.25519980430348843
8,40,1.1,0.025,0.3163166702948329,0.10876772963414237
8,41,1.4,0.0999999999999999,0.2854775047084794,0.3049547297984416
8,42,3.0,0.5,0.5982294916392279,0.265680748497524
8,43,1.3,0.075,0.28810974877078466,0.23734658007409942
8,44,1.2727272727272727,0.0681818181818181,0.4823272432688638,0.14134851543964885
8,45,1.3,0.075,0.43226030936194404,0.34446383333266506
8,46,2.2,0.3,0.20243842774823584,0.34633928154584825
8,47,1.1,0.025,0.15692542695547662,0.1520845573864253
8,48,2.8,0.4499999999999999,0.38268264642198,0.3895623484456754
8,49,1.1,0.025,0.4338108157030788,0.4683853197545161
8,50,1.1,0.025,0.4331476985004068,0.2653932669282629
9,10,1.5,0.125,0.2355254299223058,0.27089847081445345
9,11,1.5,0.125,0.2553947274104722,0.15158121021807452
9,12,1.2,0.0499999999999999,0.23285470523484697,0.19749901035481698
9,13,1.0,0.0,0.3078916733575722,0.33253010358313934
9,14,1.0,0.0,0.4857381611438476,0.49723207745355485
9,15,1.0,0.0,0.299986615831791,0.3041087854507064
9,16,1.2,0.0499999999999999,0.2858172570488637,0.10507188372381239
9,17,1.5,0.125,0.45164506292128903,0.1819483799001001
9,18,2.7,0.425,0.39681627987814994,0.47759070880198856
9,19,2.5,0.375,0.41938790444326257,0.475940443633782
9,20,2.7,0.425,0.47968241804322226,0.2625825403635944
9,21,1.2,0.0499999999999999,0.32422995993345705,0.23757412118057766
9,22,1.0,0.0,0.28979439302275334,0.17605726498721386
9,23,1.1,0.025,0.41969886425304803,0.288603996482032
9,24,1.5,0.125,0.30381034017558134,0.1457238657366418
9,25,1.7,0.175,0.49306395290564037,0.4359966231852979
9,26,1.0,0.0,0.5427866721456561,0.41542310218493056
9,27,1.1,0.025,0.5393080982455518,0.17962231939405834
9,28,1.1,0.025,0.23017694469172348,0.18712680547800178
9,29,1.2,0.0499999999999999,0.39486818660794537,0.26140843168223993
9,30,1.0,0.0,0.46921421771680105,0.33422362511558423
9,31,1.2,0.0499999999999999,0.4399466876346064,0.33280985482691655
9,32,1.3,0.075,0.38235901746459644,0.35382431314687274
9,33,1.3,0.075,0.4220697893802028,0.44452463032910927
9,34,2.3,0.3249999999999999,0.48226607505081953,0.5347533901143912
9,35,1.0,0.0,0.21767097639615032,0.3006643391360987
9,36,1.1,0.025,0.4160295828668432,0.10231463727548061
9,37,2.2,0.3,0.23675012313145893,0.1692004255507198
9,38,1.4,0.0999999999999999,0.291828721910184,0.45853730538651727
9,39,1.0,0.0,0.11080957399345427,0.34619810719109123
9,40,2.6,0.4,0.2867730589690959,0.28747022256749694
9,41,1.7,0.175,0.5958504556510507,0.48854418589659326
9,42,1.0,0.0,0.2474866998913039,0.16198972997400704
9,43,2.0,0.25,0.2541333349944086,0.2443192963973269
9,44,1.6,0.15,0.270222653730121,0.25613409950039445
9,45,1.1,0.025,0.1633412542680414,0.43206972839636376
9,46,1.3,0.075,0.36132097515778505,0.20458541529757515
9,47,4.6,0.8999999999999999,0.656320200080928,0.6785574336349897
9,48,1.2,0.0499999999999999,0.3527652444653063,0.42845650419434267
9,49,1.0,0.0,0.3330012178384314,0.35193044840344706
9,50,1.2727272727272727,0.0681818181818181,0.3725029170103853,0.37198583983394473
10,11,3.4,0.6,0.7329866790083875,0.4425261505521205
10,12,3.3,0.575,0.7918964546518015,0.6701601790231342
10,13,1.2,0.0499999999999999,0.16009538897281542,0.1493985192622386
10,14,1.1,0.025,0.3238095066132847,0.2986490707835824
10,15,1.0,0.0,0.23057096756192988,0.26022446017410233
10,16,4.2,0.8,0.6736913334692596,0.417741871482088
10,17,1.6,0.15,0.4824193221968064,0.341549003680087
10,18,1.818181818181818,0.2045454545454545,0.328098941844261,0.23298954506622005
10,19,1.4,0.0999999999999999,0.2448491983490496,0.3423483166599003
10,20,1.7,0.175,0.25421874073741535,0.24714584316175353
10,21,3.1,0.525,0.6347679924188774,0.4612787541203233
10,22,1.0,0.0,0.36183944245054506,0.17462026438064696
10,23,2.1818181818181817,0.2954545454545454,0.20506055538262707,0.31288994909325635
10,24,3.0,0.5,0.22198967489063606,0.39082480317488466
10,25,1.2,0.0499999999999999,0.3967951939249462,0.2596178723613923
10,26,1.6,0.15,0.18679848144827615,0.31376895934145704
10,27,2.6,0.4,0.32459174498548504,0.357370802573526
10,28,2.8181818181818183,0.4545454545454546,0.5747233544483359,0.3734058383777768
10,29,2.3,0.3249999999999999,0.45292467776434286,0.30791099144745987
10,30,1.0,0.0,0.30918477729923655,0.24475576053265533
10,31,1.5,0.125,0.2664424300525766,0.2327610597641311
10,32,1.6,0.15,0.47966522801717637,0.21841449781534839
10,33,1.1,0.025,0.437455470245288,0.31865213060910785
10,34,1.1,0.025,0.21892407385320228,0.14603238269597993
10,35,1.3,0.075,0.24869452968761346,0.2785383504678043
10,36,3.2,0.55,0.28615006570388435,0.20682155122443044
10,37,1.4,0.0999999999999999,0.2771540313145819,0.2752648895646225
10,38,1.6,0.15,0.44843972194612214,0.20330936139490577
10,39,1.2,0.0499999999999999,0.275947588986598,0.4150239034999412
10,40,1.2,0.0499999999999999,0.2717237430377296,0.2726799707365319
10,41,1.0,0.0,0.21867614497595644,0.4946534961117378
10,42,3.1,0.525,0.5725730549878538,0.3802356050737581
10,43,1.3,0.075,0.26404041845987153,0.38900054847760523
10,44,1.6,0.15,0.4785405232094222,0.17850824886765101
10,45,1.6,0.15,0.385969930232558,0.2776141316887475
10,46,2.0,0.25,0.22413891096422503,0.18075857738629783
10,47,1.5,0.125,0.15906069664845246,0.20920698893086595
10,48,2.3,0.3249999999999999,0.5596851479693503,0.4997633562455815
10,49,1.0,0.0,0.3798014893449437,0.244825838065505
10,50,1.0,0.0,0.40985066072738896,0.1918490385985533
11,12,3.2,0.55,0.7513518336082716,0.5556610140879255
11,13,1.6,0.15,0.06000811604134983,0.21731336157108141
11,14,1.5,0.125,0.3148463745493468,0.18602589467339345
11,15,1.0,0.0,0.20147371154936053,0.09742064697873773
11,16,3.6,0.65,0.7572739617699653,0.5636017600799726
11,17,1.3,0.075,0.2977763370740317,0.30436213887626407
11,18,1.4,0.0999999999999999,0.474025474105762,0.20344329477913675
11,19,1.3,0.075,0.31239789814011276,0.21127944927103323
11,20,2.1,0.275,0.40373821882125566,0.3063879931154571
11,21,3.5,0.625,0.5786707155055827,0.27761758049306434
11,22,1.3,0.075,0.28825710716992414,0.18595767956507606
11,23,2.333333333333333,0.3333333333333333,0.11988017763728046,0.1692368558143455
11,24,3.1,0.525,0.28156239797482296,0.4422439469022513
11,25,1.5454545454545454,0.1363636363636363,0.3740572053015847,0.2350351181950573
11,26,1.1,0.025,0.11590824939951859,0.0803127362231767
11,27,2.1,0.275,0.3005171437877182,0.3401267003476679
11,28,2.4,0.35,0.5169546080427292,0.40366532430941454
11,29,1.6,0.15,0.38186305845626556,0.2513295211999979
11,30,1.5,0.125,0.2224679453178151,0.15486240623444048
11,31,1.2,0.0499999999999999,0.20177518823791146,0.14176117022120688
11,32,1.6,0.15,0.5118953409007145,0.23335280854563337
11,33,1.1,0.025,0.44739921373204,0.16652816776672463
11,34,1.0,0.0,0.17621602503801126,0.3041796443152283
11,35,1.2,0.0499999999999999,0.037187791357173414,0.23948627792015315
11,36,3.0,0.5,0.42161682667957673,0.44122368023384756
11,37,1.9,0.2249999999999999,0.4059302773703041,0.3986727029588206
11,38,1.9,0.2249999999999999,0.5370247813886231,0.12748733133057713
11,39,1.4,0.0999999999999999,0.45453350844130436,0.25837625718988017
11,40,1.2,0.0499999999999999,0.4167313184078999,0.30011222969839385
11,41,1.0,0.0,0.1489732990840341,0.22658979873305715
11,42,4.1,0.7749999999999999,0.9079154655023542,0.8474041627940226
11,43,1.5,0.125,0.2109480114047267,0.2688149475875192
11,44,3.2,0.55,0.6909059206037931,0.4269193200310687
11,45,1.4,0.0999999999999999,0.5790891990875371,0.33807160967063044
11,46,1.4,0.0999999999999999,0.18985788126018605,0.17369559084435524
11,47,1.1,0.025,0.147707459112619,0.26997197190327993
11,48,1.6,0.15,0.420462267133669,0.29626862996672837
11,49,1.5,0.125,0.5953795538969436,0.44446425533496436
11,50,1.4,0.0999999999999999,0.43314496023635374,0.14561612996768195
12,13,1.3,0.075,0.13888118090793589,0.23695077912251544
12,14,1.6,0.15,0.3592709986524436,0.24144802506906266
12,15,1.0,0.0,0.26196288521148003,0.45381136354927953
12,16,4.25,0.8125,0.8032674869162078,0.7255310709612498
12,17,1.4,0.0999999999999999,0.4679838895580243,0.4307514753597624
12,18,1.6,0.15,0.35849535423880985,0.1630704862185933
12,19,1.0,0.0,0.26333729993891214,0.23204083108706766
12,20,1.5,0.125,0.3431582659116982,0.3143277760193042
12,21,3.9,0.725,0.5865011640143157,0.32127973522545955
12,22,1.3,0.075,0.33787226485416477,0.24410116318415184
12,23,2.2222222222222223,0.3055555555555556,0.13088499422089697,0.3863338224375467
12,24,3.5,0.625,0.15066255504371961,0.36563321600024107
12,25,1.4,0.0999999999999999,0.42762672808931634,0.34790221372749774
12,26,1.9,0.2249999999999999,0.1929408013204898,0.28683250731691473
12,27,3.5,0.625,0.3765310078927139,0.528873515014826
12,28,3.1,0.525,0.5862271318597894,0.48098868429964536
12,29,1.9,0.2249999999999999,0.4223171890204898,0.22007865824189274
12,30,1.1,0.025,0.27847239068305024,0.24911583338468773
12,31,1.5,0.125,0.32149932584423585,0.19576593715200136
12,32,1.5,0.125,0.4847875205402976,0.264581533033699
12,33,1.6,0.15,0.42478216946940095,0.2080573105526171
12,34,1.0,0.0,0.21374112419839758,0.23677659714706478
12,35,1.4,0.0999999999999999,0.15187453131367154,0.3611055481271569
12,36,3.6,0.65,0.2991583964600415,0.26471596432762556
12,37,1.8,0.2,0.5135281152815341,0.6232007837508786
12,38,1.2,0.0499999999999999,0.4867554517389835,0.3835983304861451
12,39,1.1,0.025,0.286406103060841,0.322962596525273
12,40,1.3,0.075,0.28345822388835157,0.3089663890865008
12,41,1.0,0.0,0.19887688323796437,0.3720235053075146
12,42,3.6,0.65,0.555145461900987,0.49945948939396223
12,43,1.7,0.175,0.18060844555871483,0.4448030666415186
12,44,1.7,0.175,0.4842742702922548,0.20347164384731112
12,45,2.2,0.3,0.422014553076723,0.2468904512560092
12,46,1.5,0.125,0.1717502798772887,0.2849695515166535
12,47,1.0,0.0,0.15103614415292557,0.15000616359975782
12,48,2.2,0.3,0.43015342909102405,0.37041894478746445
12,49,1.3,0.075,0.4147653626337946,0.18316976305225172
12,50,1.7,0.175,0.42472137072035654,0.2363256242657049
13,14,1.6,0.15,0.3593411990567008,0.44754514902825543
13,15,1.6,0.15,0.27125551652294544,0.18888136963129135
13,16,1.5,0.125,0.13076251220368212,0.2625200602997222
13,17,1.5,0.125,0.4344277177585938,0.30080432563788206
13,18,1.1,0.025,0.23792318440766047,0.3493006070381822
13,19,1.2,0.0499999999999999,0.25547821297214013,0.2809515670244316
13,20,1.2,0.0499999999999999,0.2659617618682154,0.27313368243457886
13,21,1.8,0.2,0.3454642952388634,0.28145968226304946
13,22,1.6,0.15,0.16583102199795907,0.3331259509756803
13,23,1.4,0.0999999999999999,0.30870236161700937,0.3661142310391513
13,24,1.7,0.175,0.2356201474964248,0.24937166494289756
13,25,1.4,0.0999999999999999,0.24972130390074354,0.2288600006008063
13,26,1.1,0.025,0.23610460772340391,0.27276667533032306
13,27,1.5,0.125,0.44438609898682047,0.24820973162538446
13,28,1.4,0.0999999999999999,0.1470528771942304,0.32475162247251715
13,29,1.3,0.075,0.21024589279932263,0.26363537291452993
13,30,1.8,0.2,0.31743835904138124,0.33939148297008265
13,31,2.5,0.375,0.28079913766125675,0.28808816334560106
13,32,1.5,0.125,0.19861735759258303,0.2934125337914026
13,33,1.3,0.075,0.3159131707773277,0.37539304070587975
13,34,1.2,0.0499999999999999,0.23318209072884233,0.3058186502845615
13,35,2.4,0.35,0.5202016059975705,0.6475344699557722
13,36,1.3,0.075,0.255181562612232,0.3182785941972885
13,37,1.3,0.075,0.12014821508529815,0.3271134070340547
13,38,1.2,0.0499999999999999,0.1406570101098195,0.3956286928000812
13,39,1.5,0.125,0.32573969567004163,0.4298146032362651
13,40,1.1,0.025,0.17129951742040123,0.30030540716825715
13,41,1.5,0.125,0.395497939256288,0.2273989073277968
13,42,1.8,0.2,0.05257698838438691,0.3867048940296707
13,43,1.4,0.0999999999999999,0.14364142985614303,0.3364224594423012
13,44,1.1,0.025,0.07556173329255438,0.3321113206252489
13,45,1.6,0.15,0.038786300277596254,0.36775910082119023
13,46,1.1,0.025,0.33057480761264835,0.4422727987242225
13,47,1.1,0.025,0.19182039081610153,0.36874348994046346
13,48,1.5,0.125,0.23950332012447234,0.32483257994429016
13,49,1.5,0.125,0.18497441277238102,0.24829057738138055
13,50,1.4,0.0999999999999999,0.20200982244120902,0.3481734053894493
14,15,2.2,0.3,0.3337569106733916,0.38843418394506707
14,16,1.7,0.175,0.4105486366541095,0.32606448908066143
14,17,1.2,0.0499999999999999,0.5013940562223581,0.27689987402760846
14,18,1.4,0.0999999999999999,0.31544126299876296,0.21445542440732843
14,19,1.0,0.0,0.30019477839141095,0.25453055196379054
14,20,1.2,0.0499999999999999,0.44614921469227414,0.26677387292431753
14,21,1.5,0.125,0.3258466661970669,0.40330508571124773
14,22,2.4,0.35,0.4401000721371977,0.277677569047149
14,23,1.2,0.0499999999999999,0.3470718254630884,0.44951610665531294
14,24,1.4444444444444444,0.1111111111111111,0.14986719311163788,0.261451078800996
14,25,1.5,0.125,0.4773732014949708,0.3241797452700012
14,26,1.2,0.0499999999999999,0.33373530588684397,0.29674664328970635
14,27,1.2727272727272727,0.0681818181818181,0.48949085131172904,0.3175196553063804
14,28,1.1,0.025,0.3107708620289879,0.1569174683418919
14,29,1.5,0.125,0.5537766475704501,0.26230025312241556
14,30,1.0,0.0,0.454793219321991,0.14469441015041148
14,31,1.3,0.075,0.42867781108552544,0.16714082423581092
14,32,2.5,0.375,0.48642486973165366,0.3671148943848375
14,33,4.9,0.975,0.7987537089036092,0.8611657226031206
14,34,1.1,0.025,0.33804220365903226,0.48491266583966713
14,35,1.2,0.0499999999999999,0.29915160446996897,0.35374503534488094
14,36,1.3,0.075,0.47324742533637293,0.23083105627873254
14,37,1.6,0.15,0.47314255871598404,0.1978751446611179
14,38,1.6,0.15,0.39342146475059847,0.3924615464042614
14,39,1.6,0.15,0.16907588696723702,0.46293262503990223
14,40,1.2,0.0499999999999999,0.22038680890533147,0.16141801017984006
14,41,1.0,0.0,0.4394870923684212,0.3802848760238493
14,42,1.1,0.025,0.24023611623455615,0.21182315798345464
14,43,1.1,0.025,0.22969243320041308,0.2767174408473689
14,44,1.1,0.025,0.32712195128295535,0.27892605292928196
14,45,1.9,0.2249999999999999,0.13823671951589767,0.38277685852027216
14,46,2.0,0.25,0.5967019356960559,0.5664031794728419
14,47,1.0,0.0,0.26397528159123135,0.4022386829065634
14,48,1.2,0.0499999999999999,0.42820893477209826,0.330542102020934
14,49,1.6,0.15,0.23526057965227842,0.510290512429399
14,50,2.3,0.3249999999999999,0.6110583578512103,0.5428515647086536
15,16,1.1,0.025,0.2699877427129675,0.2625999167918824
15,17,1.0,0.0,0.46639454462569097,0.3424727545040171
15,18,1.1,0.025,0.4291601931769574,0.20966122163487366
15,19,1.2,0.0499999999999999,0.6266518763087243,0.42734980224214564
15,20,1.2,0.0499999999999999,0.4830197650570449,0.3775752046600623
15,21,1.1111111111111112,0.0277777777777777,0.3719687605205073,0.19338976938671967
15,22,1.6,0.15,0.24800403584304298,0.3929985767667815
15,23,1.2,0.0499999999999999,0.37663459631306195,0.46369143833282533
15,24,1.0,0.0,0.25601741838265896,0.3019121801293279
15,25,1.8888888888888888,0.2222222222222222,0.2500659217947217,0.214036614647502
15,26,2.2,0.3,0.20337856779804347,0.30086436086767127
15,27,1.0,0.0,0.4563442173005279,0.4452398186292701
15,28,1.5,0.125,0.2459786064371336,0.31780461558358336
15,29,1.3,0.075,0.24210213773860384,0.28920637659705717
15,30,2.2,0.3,0.5482793080279371,0.44356560531886857
15,31,1.1,0.025,0.40644632642664624,0.3294130834525198
15,32,1.4,0.0999999999999999,0.2142589812681794,0.2598536123733297
15,33,2.3,0.3249999999999999,0.31348528326871505,0.39448905620761227
15,34,1.0,0.0,0.23062018000832385,0.410501240205484
15,35,1.3,0.075,0.12751613815215,0.18363851438580733
15,36,1.0,0.0,0.39484885948120685,0.20119184597821485
15,37,1.1,0.025,0.31018058758787803,0.37259134605623256
15,38,1.4,0.0999999999999999,0.21478124256726064,0.42224881596289127
15,39,2.7,0.425,0.09136709408282617,0.22996440721868813
15,40,1.3,0.075,0.31772096675949724,0.32645057143154843
15,41,1.3,0.075,0.3105829070353984,0.3127120159344052
15,42,1.7,0.175,0.2147498512194485,0.12866845527317344
15,43,1.2,0.0499999999999999,0.17522236683752873,0.3313465167237346
15,44,1.8,0.2,0.18438810092995117,0.15478905790972855
15,45,1.2,0.0499999999999999,0.05676800967126906,0.2176054833398882
15,46,1.2,0.0499999999999999,0.3467815292936115,0.45666326420665676
15,47,1.1,0.025,0.33956877357618287,0.2783050452456806
15,48,1.0,0.0,0.41065353728160325,0.18502532034441269
15,49,1.7,0.175,0.14498290654927193,0.14908407124535672
15,50,1.3,0.075,0.27261555200066656,0.3260130327966474
16,17,1.9,0.2249999999999999,0.4726049419682318,0.40730412999049403
16,18,1.5,0.125,0.5158358760643467,0.2794151265472994
16,19,1.4,0.0999999999999999,0.3471261812305796,0.17181915071017353
16,20,1.9,0.2249999999999999,0.5327679943376311,0.36523066808177584
16,21,3.7,0.675,0.6292505450760859,0.48247937274949154
16,22,1.2,0.0499999999999999,0.42548158128080327,0.22399243283794132
16,23,2.6,0.4,0.2579274731284999,0.21322142596599478
16,24,3.1,0.525,0.34846054215550903,0.4609974623352811
16,25,1.4,0.0999999999999999,0.5018843057586989,0.4556392678769279
16,26,1.7,0.175,0.24609309318935463,0.27468176045077114
16,27,2.6666666666666665,0.4166666666666666,0.4433747759095703,0.46633829607261323
16,28,2.9,0.475,0.5376622184166595,0.2866904739352343
16,29,1.8,0.2,0.4174614149629058,0.12443512270110199
16,30,1.2,0.0499999999999999,0.3334406635839695,0.047500408368671886
16,31,1.3,0.075,0.36309765938283173,0.06145979490144412
16,32,1.4444444444444444,0.1111111111111111,0.5100309912803392,0.20810466531231286
16,33,1.2,0.0499999999999999,0.45137818274505725,0.36247373312815395
16,34,1.0,0.0,0.28283093606203646,0.1857247485507832
16,35,1.3,0.075,0.14270026689974855,0.36237223004408237
16,36,3.2,0.55,0.5294035663289872,0.3696061472147186
16,37,1.9,0.2249999999999999,0.6863736757367744,0.6207691318778259
16,38,2.0,0.25,0.5572566850794958,0.2740880056291426
16,39,1.3333333333333333,0.0833333333333333,0.3017176767150037,0.2211515951339076
16,40,1.3,0.075,0.5133684261226309,0.442892720837418
16,41,1.0,0.0,0.3360344226150413,0.32883520627132756
16,42,2.7,0.425,0.597829463000547,0.5377709765761092
16,43,1.8,0.2,0.4129251963535197,0.2793701133832446
16,44,1.4,0.0999999999999999,0.4895507206342322,0.26501030279875293
16,45,1.5555555555555556,0.1388888888888889,0.43406138016354195,0.21703235837796117
16,46,1.8,0.2,0.29155317275273,0.45506404897261266
16,47,1.1,0.025,0.20022358935841253,0.19269190506981598
16,48,2.7,0.425,0.4747493800389126,0.33121579587984257
16,49,1.0,0.0,0.4562226797103581,0.25079268589004144
16,50,1.4,0.0999999999999999,0.492213250522507,0.2753544859996512
17,18,1.0,0.0,0.44128642295848036,0.14426002186620027
17,19,1.2,0.0499999999999999,0.42054282027672596,0.19689452290433296
17,20,1.2,0.0499999999999999,0.5037465692108203,0.133701543535516
17,21,1.3,0.075,0.45067314143636894,0.3584594730241564
17,22,1.3,0.075,0.43674542179669007,0.33535247168340454
17,23,1.3,0.075,0.40553046445351537,0.337952055917253
17,24,3.6,0.65,0.44575381544761994,0.6025354290206651
17,25,1.5,0.125,0.46558590253203036,0.41237497558847114
17,26,1.2,0.0499999999999999,0.381893378097618,0.34027617682745515
17,27,2.0,0.25,0.6513584364922917,0.5940379695209567
17,28,1.5,0.125,0.38867328720517635,0.560690777531818
17,29,1.5,0.125,0.4672528785316109,0.3457084606320601
17,30,1.2,0.0499999999999999,0.5225397200386539,0.25034499323557646
17,31,1.1,0.025,0.5303310963636136,0.3616222382282552
17,32,1.3,0.075,0.36200319958288296,0.21606047310450105
17,33,1.2,0.0499999999999999,0.45075578082664025,0.3076280891632171
17,34,1.0,0.0,0.336995553076759,0.31138630666191025
17,35,1.3,0.075,0.2981274838294823,0.3273841955003502
17,36,1.4,0.0999999999999999,0.5500020711200768,0.4370804024108431
17,37,1.3,0.075,0.4650339374346408,0.2952271801489377
17,38,1.3,0.075,0.38914886943283894,0.19255962174627084
17,39,1.5,0.125,0.11835441813016896,0.1834535446881618
17,40,1.1,0.025,0.3812025147289898,0.29763978841215594
17,41,1.1,0.025,0.44676250930436673,0.24743058346970773
17,42,1.6,0.15,0.2130602398194578,0.3285201094568276
17,43,1.1,0.025,0.3028640582620393,0.23438172475631688
17,44,2.8,0.4499999999999999,0.2521103621155608,0.41456461244059817
17,45,1.4,0.0999999999999999,0.053493806433791896,0.28505057302467457
17,46,1.4,0.0999999999999999,0.5044625306631765,0.2813331571030216
17,47,1.5,0.125,0.4154948784574395,0.24585362058387572
17,48,1.5,0.125,0.6778665406693196,0.3149190166022563
17,49,1.4,0.0999999999999999,0.19860890400466003,0.30912012357649304
17,50,1.1,0.025,0.4463809800063244,0.19598745363010345
18,19,3.4,0.6,0.63794911409822,0.7161617260842021
18,20,3.333333333333333,0.5833333333333334,0.7956523579469984,0.5229200562374038
18,21,1.2,0.0499999999999999,0.748512048088994,0.517751446868378
18,22,1.3,0.075,0.2905016583124854,0.1927344365733606
18,23,1.2222222222222223,0.0555555555555555,0.22228074874753162,0.11774903604274994
18,24,1.1,0.025,0.5708998134008538,0.280434620820542
18,25,2.0,0.25,0.5179779041285315,0.39291833934775355
18,26,1.6,0.15,0.36376545065921395,0.3259836938866039
18,27,1.1,0.025,0.5219578288333084,0.15077596743117344
18,28,1.4,0.0999999999999999,0.3088512189632737,0.18690697832618108
18,29,1.4444444444444444,0.1111111111111111,0.34775524508692335,0.33361031349689013
18,30,1.0,0.0,0.45712605915375093,0.4410842569427202
18,31,1.1,0.025,0.5883524705545113,0.48695357625908237
18,32,2.0,0.25,0.4273720747975613,0.20197891514927455
18,33,1.0,0.0,0.38963703013948836,0.3093471183518013
18,34,1.5,0.125,0.2979314369692133,0.21189528943402458
18,35,1.2,0.0499999999999999,0.12393466946101978,0.33171561499144814
18,36,1.3,0.075,0.71650750868392,0.32736278427427423
18,37,2.9,0.475,0.4780146108366238,0.28507835126684977
18,38,2.8,0.4499999999999999,0.5423652396205598,0.4295595535153596
18,39,1.4,0.0999999999999999,0.18398475834305072,0.26915526086639535
18,40,3.3,0.575,0.7341269683630216,0.7279527591410498
18,41,1.2727272727272727,0.0681818181818181,0.31062269354383,0.4090369235893645
18,42,1.7,0.175,0.523558046434655,0.3151214447760846
18,43,3.1,0.525,0.5190650563738547,0.34084382038190814
18,44,1.7,0.175,0.321116476914542,0.3978050125099134
18,45,1.2,0.0499999999999999,0.17169763654601558,0.2794573304990777
18,46,1.2,0.0499999999999999,0.3455786571633964,0.20390110159156732
18,47,1.6,0.15,0.43630909048325006,0.5228358173375434
18,48,1.7,0.175,0.5221359953406636,0.5605298031528436
18,49,1.3,0.075,0.4523994366204972,0.2531333642655409
18,50,1.3,0.075,0.5098229808773552,0.30329038603032643
19,20,3.2,0.55,0.586987514779528,0.423527002242448
19,21,1.4,0.0999999999999999,0.5219812152621399,0.390281456582308
19,22,1.2,0.0499999999999999,0.22124064928599552,0.2847882287950166
19,23,1.7272727272727273,0.1818181818181818,0.28753238477818943,0.16962870661243692
19,24,1.9,0.2249999999999999,0.4543291865068854,0.2675968372537434
19,25,2.3,0.3249999999999999,0.2902444026177684,0.2534922530536945
19,26,2.0,0.25,0.23622450507718878,0.2691445196564723
19,27,1.2727272727272727,0.0681818181818181,0.47333912531594036,0.16720973818535692
19,28,1.1,0.025,0.23102069307082473,0.34346689168403566
19,29,1.2,0.0499999999999999,0.23597029495412308,0.35833996015356945
19,30,2.2,0.3,0.828977269157451,0.6621874785504632
19,31,1.1,0.025,0.43715367439307257,0.5491423576540047
19,32,1.7,0.175,0.3059676754565557,0.19144894917102362
19,33,1.0,0.0,0.36844130338908043,0.3398465445777358
19,34,1.4,0.0999999999999999,0.3114817769524594,0.3121079495521765
19,35,1.0,0.0,0.036610465880663724,0.24639322002044214
19,36,1.2,0.0499999999999999,0.4943010190535819,0.29342872329982705
19,37,2.6,0.4,0.3126010412760579,0.21496026385438863
19,38,1.9,0.2249999999999999,0.27097623025474105,0.34188671055106673
19,39,1.2727272727272727,0.0681818181818181,0.11101282143702805,0.2912740086384729
19,40,2.6,0.4,0.5349392870086225,0.5536323915028095
19,41,1.1,0.025,0.35588424399698226,0.33451031401824344
19,42,1.2,0.0499999999999999,0.3677335455896217,0.25015615173135636
19,43,2.8,0.4499999999999999,0.3595400937619574,0.31585515212279314
19,44,1.6,0.15,0.26221385546013737,0.26079563239821796
19,45,1.1,0.025,0.12656389157876097,0.2634353351475495
19,46,1.2,0.0499999999999999,0.2793437251916897,0.23274973160593607
19,47,2.4,0.35,0.4991908669079215,0.4934478307798672
19,48,1.2,0.0499999999999999,0.4806039280543408,0.5094347557982155
19,49,1.3,0.075,0.29037689201641104,0.3226778469780925
19,50,1.2,0.0499999999999999,0.35274910083109134,0.17790444195090416
20,21,1.3,0.075,0.525434009576547,0.32672281054265667
20,22,1.4,0.0999999999999999,0.3278123406948775,0.3147167120324513
20,23,1.3,0.075,0.5135374131505792,0.45598179354568813
20,24,1.4,0.0999999999999999,0.44183311669172687,0.35799757590993997
20,25,1.5,0.125,0.4065766994756174,0.18731697375266887
20,26,1.9,0.2249999999999999,0.3081253532660475,0.1882929756560904
20,27,1.5,0.125,0.635067154384231,0.2518927378385878
20,28,1.0,0.0,0.27820237416354876,0.19625311270150572
20,29,1.5,0.125,0.3486143675336115,0.1703250470459619
20,30,1.1,0.025,0.49582095937366055,0.30403349723350337
20,31,1.1,0.025,0.43420069226847247,0.27532005330696074
20,32,1.3,0.075,0.3622757418114272,0.22094993517284514
20,33,1.4,0.0999999999999999,0.4291987601352485,0.2632312675330445
20,34,1.5,0.125,0.4705780005868116,0.2720035256131018
20,35,1.3,0.075,0.12655556957641087,0.15533553453376342
20,36,1.8,0.2,0.7441215533384304,0.3417242766894166
20,37,4.5,0.875,0.5725330201986747,0.6043324404725539
20,38,1.9,0.2249999999999999,0.42763130212013567,0.3117579422191438
20,39,1.4,0.0999999999999999,0.17334906342531473,0.24479667077626693
20,40,3.7,0.675,0.7172308176384807,0.5753980396477845
20,41,1.7777777777777777,0.1944444444444444,0.5116641077303635,0.2469653816766778
20,42,1.9,0.2249999999999999,0.41611286072413006,0.3387015812653078
20,43,3.5,0.625,0.5078795996107489,0.5708252108245164
20,44,1.6,0.15,0.40851131191502177,0.3172090231486385
20,45,1.4,0.0999999999999999,0.15787382675381664,0.2879547426297329
20,46,1.3,0.075,0.4395193322030907,0.3020127725873109
20,47,2.0,0.25,0.38217992007603796,0.3465856119724575
20,48,1.4,0.0999999999999999,0.4344080367420723,0.2648841950138169
20,49,1.4,0.0999999999999999,0.4430231898558481,0.27355669371234714
20,50,1.4,0.0999999999999999,0.4918533567574429,0.3141870322064614
21,22,1.0,0.0,0.2595749659334289,0.16754264676842118
21,23,2.333333333333333,0.3333333333333333,0.24194124103105785,0.18973819214752724
21,24,2.5,0.375,0.4081885212422406,0.33169576017278046
21,25,2.363636363636364,0.3409090909090909,0.5283111849243635,0.4954011932184012
21,26,1.8,0.2,0.4432714610956222,0.3093580999976016
21,27,3.0,0.5,0.42838457225618937,0.31310271875043755
21,28,3.5,0.625,0.4752983708568111,0.23192355949805474
21,29,2.6,0.4,0.33514506973487856,0.23902718105457246
21,30,1.1,0.025,0.40058292176593957,0.2215170299510326
21,31,1.8,0.2,0.6599039570559269,0.5320171695358644
21,32,1.9,0.2249999999999999,0.4816667995238616,0.2022872959754093
21,33,1.4,0.0999999999999999,0.4530378100806024,0.4863827583562814
21,34,1.1,0.025,0.29836739273100144,0.16196651017748653
21,35,1.2,0.0499999999999999,0.1046194162000372,0.2952546513818918
21,36,3.2,0.55,0.5263946917579228,0.3028937232131663
21,37,1.7,0.175,0.34350517529697105,0.19716906492610586
21,38,1.6,0.15,0.4502953184729874,0.2594847276458657
21,39,1.5,0.125,0.24373937796094708,0.2559279715494091
21,40,1.2,0.0499999999999999,0.5737094876913278,0.3984122167435767
21,41,1.1,0.025,0.3424528334228488,0.3274166132579903
21,42,3.1,0.525,0.5689651968773927,0.29690679402099013
21,43,1.3,0.075,0.3980781112582955,0.2537815329801523
21,44,1.2,0.0499999999999999,0.38314558322052417,0.2518550718082959
21,45,2.0,0.25,0.3254743801495649,0.3860269777057589
21,46,1.8,0.2,0.26279091439382557,0.31270292471951355
21,47,1.0,0.0,0.32189321783353014,0.29227529983875955
21,48,2.3,0.3249999999999999,0.4970797668646925,0.5133059900888572
21,49,1.1,0.025,0.386382239586744,0.4527609678833351
21,50,1.2,0.0499999999999999,0.4533515090747432,0.23578734271561066
22,23,1.5,0.125,0.2783492513093374,0.3228112598960563
22,24,1.2,0.0499999999999999,0.2564614426478314,0.43809994644698896
22,25,1.0,0.0,0.41655322058761757,0.2080677574232322
22,26,1.0,0.0,0.30937053334402104,0.32628770251733047
22,27,1.2,0.0499999999999999,0.45384522145634826,0.3696064813428354
22,28,1.1,0.025,0.3266157331783721,0.3811883007433688
22,29,1.5,0.125,0.8320514018872445,0.5532174056180074
22,30,1.0,0.0,0.3597999483057297,0.4363667747978558
22,31,1.0,0.0,0.23511840625038075,0.40434912621673924
22,32,2.0,0.25,0.5936395274872629,0.5782408608703108
22,33,2.4,0.35,0.339488306848298,0.21728658588402797
22,34,1.0,0.0,0.2633027221118791,0.3036405820223399
22,35,1.0,0.0,0.20494216979926655,0.40572471641256114
22,36,1.0,0.0,0.31153004582224386,0.3054617537613545
22,37,1.5,0.125,0.39864125022436264,0.3173849343928324
22,38,1.9,0.2249999999999999,0.5179911098482334,0.5026464313375936
22,39,1.2,0.0499999999999999,0.08984711724347222,0.25809194970210797
22,40,1.4,0.0999999999999999,0.2667921684620661,0.313590417342896
22,41,1.1,0.025,0.23038581164089572,0.26162843351893034
22,42,1.5,0.125,0.19821179145501194,0.3276127196028229
22,43,1.4,0.0999999999999999,0.2243776025063089,0.23953448063746635
22,44,2.5,0.375,0.4006279503482294,0.6353220240310623
22,45,1.4,0.0999999999999999,0.11621287881536005,0.28954229358706257
22,46,1.4,0.0999999999999999,0.410972266358011,0.4102602843399897
22,47,1.2,0.0499999999999999,0.2235648535770419,0.23384979043087678
22,48,1.3,0.075,0.46672958142819726,0.22339232327184133
22,49,2.7,0.425,0.2206072355050967,0.2675680506065713
22,50,2.7,0.425,0.6147028497557936,0.5699247016236703
23,24,2.3,0.3249999999999999,0.28336036510224044,0.25905588208943586
23,25,1.4,0.0999999999999999,0.29466659453292193,0.2293503497369234
23,26,1.0,0.0,0.36394702362731357,0.3943089805888451
23,27,2.2,0.3,0.523145608222366,0.39023211546973163
23,28,2.5,0.375,0.17075955294360606,0.2836911863510221
23,29,1.4,0.0999999999999999,0.25645730875124445,0.177289228030017
23,30,1.4,0.0999999999999999,0.37586802909293915,0.2785165128721316
23,31,1.3,0.075,0.2871798681298368,0.20934585139700448
23,32,1.0,0.0,0.20622641813548337,0.3871545468930461
23,33,1.2,0.0499999999999999,0.28461253877542547,0.3742876049093433
23,34,1.3,0.075,0.5586561855193852,0.4245204870701289
23,35,1.2,0.0499999999999999,0.1749599028887523,0.2251889001765383
23,36,2.9,0.475,0.41723812335281374,0.32653997825578884
23,37,1.4,0.0999999999999999,0.21141857354299676,0.29697851288843236
23,38,1.3,0.075,0.11719973181420756,0.4286720858597538
23,39,1.4,0.0999999999999999,0.052489816276088896,0.3654055905477246
23,40,1.5,0.125,0.25094705540556794,0.1780326814333938
23,41,1.0,0.0,0.6254733546974793,0.20502830668690084
23,42,2.2,0.3,0.11285487508446408,0.28454649860059555
23,43,1.3,0.075,0.21340995508888788,0.43305586348887914
23,44,1.4,0.0999999999999999,0.15538257651254395,0.18250122811522762
23,45,1.4,0.0999999999999999,0.04817366826764347,0.5093930726466223
23,46,1.6,0.15,0.3740358995402653,0.43746511924108994
23,47,1.2,0.0499999999999999,0.18177618743637292,0.22105753112832854
23,48,1.4,0.0999999999999999,0.18936385219969265,0.20245612283177367
23,49,1.0,0.0,0.1723250460249896,0.3544679252453102
23,50,1.4,0.0999999999999999,0.24344072919763338,0.398334005210662
24,25,1.3,0.075,0.29945217616876085,0.17821299296895435
24,26,1.4,0.0999999999999999,0.22731966549039603,0.17228919259235648
24,27,4.1,0.7749999999999999,0.5263442727388119,0.5813735426678366
24,28,2.3,0.3249999999999999,0.18709754872610285,0.3771738946681865
24,29,2.0,0.25,0.25544901290100036,0.4453894776672328
24,30,1.0,0.0,0.36089629323113237,0.24851320159467263
24,31,1.2,0.0499999999999999,0.24282867025829036,0.2960461688005501
24,32,1.3,0.075,0.26832319559742845,0.19821064100380228
24,33,1.2222222222222223,0.0555555555555555,0.30624724683537746,0.33037442784760596
24,34,1.0,0.0,0.3391754189913292,0.1433097709370056
24,35,1.2,0.0499999999999999,0.21154555815036324,0.23393062733807854
24,36,2.636363636363636,0.409090909090909,0.6262708692163597,0.3429459993063229
24,37,1.8,0.2,0.2935362044082592,0.41043025734881644
24,38,1.6,0.15,0.321753788884644,0.09783260412744826
24,39,1.1,0.025,0.0665943032308953,0.21038083823551887
24,40,1.4,0.0999999999999999,0.6510636714464744,0.5220393286674483
24,41,1.0,0.0,0.3342987959394371,0.37794609678495183
24,42,2.4,0.35,0.3808963208595193,0.5893953645590089
24,43,1.7777777777777777,0.1944444444444444,0.4793857418643265,0.5393215626313026
24,44,2.4,0.35,0.20453447907019007,0.4774358777685358
24,45,1.5,0.125,0.002847786151680999,0.16548259709024285
24,46,1.8,0.2,0.2877639231497192,0.2228195323106356
24,47,1.2,0.0499999999999999,0.34582029538442594,0.31384982823206425
24,48,2.2,0.3,0.34919337261899225,0.17844232617003758
24,49,1.0,0.0,0.2696382296876887,0.20081494711501113
24,50,1.3,0.075,0.306342567531937,0.22333062176943877
25,26,5.0,1.0,0.6568978429330712,0.6459082797672392
25,27,1.0,0.0,0.5485239874681105,0.2500440165254919
25,28,2.0,0.25,0.4334766075763769,0.3956574151451874
25,29,1.4,0.0999999999999999,0.5627553743355823,0.2400049589505309
25,30,1.7,0.175,0.46315484845646976,0.3014425317279777
25,31,1.6,0.15,0.5209872206222786,0.30613213174908144
25,32,1.3,0.075,0.5321040238812479,0.3243711817831837
25,33,1.3636363636363635,0.0909090909090908,0.454199483857683,0.3751229567535712
25,34,1.0,0.0,0.31956608654131546,0.34511700838567766
25,35,1.2,0.0499999999999999,0.3489831445354782,0.430771171380975
25,36,1.3,0.075,0.4822420970293465,0.2972736704976021
25,37,2.0,0.25,0.5426567196760459,0.3001511729541273
25,38,2.0,0.25,0.46624624567196754,0.4716149169961623
25,39,1.6,0.15,0.19073318329124855,0.15522398042841024
25,40,1.2222222222222223,0.0555555555555555,0.3448056421230009,0.21708564456971058
25,41,1.2,0.0499999999999999,0.33910138633449793,0.27969009737160067
25,42,1.2,0.0499999999999999,0.3325095233932542,0.16875551242967687
25,43,1.7,0.175,0.47247279857264324,0.23250346875991343
25,44,1.5,0.125,0.33178299105963727,0.26157126106792083
25,45,1.1,0.025,0.16306555038830645,0.34887288136090944
25,46,1.2,0.0499999999999999,0.39370747711992427,0.28272284172479295
25,47,1.6,0.15,0.2459044595785802,0.34858326214432744
25,48,1.4,0.0999999999999999,0.38468237631529834,0.38390562564084163
25,49,1.1,0.025,0.28944368092288103,0.36034595639216505
25,50,1.6,0.15,0.529628963237418,0.345352208308662
26,27,1.1,0.025,0.5004579399188896,0.2536899107153686
26,28,1.9,0.2249999999999999,0.31517634702580466,0.41959371928572203
26,29,2.1,0.275,0.3054600234253622,0.23454542673669374
26,30,1.6,0.15,0.3563312484378764,0.2868673175417672
26,31,1.4,0.0999999999999999,0.5257971355102662,0.3283663185387737
26,32,1.1,0.025,0.38197645841000244,0.46258019827864655
26,33,1.0,0.0,0.2450053184149466,0.2864528947150296
26,34,1.1,0.025,0.4018183397226342,0.3738062696192145
26,35,1.4,0.0999999999999999,0.1977110633978444,0.42586223395522904
26,36,1.7,0.175,0.39482083818221125,0.3177357001290808
26,37,1.5,0.125,0.20340355214962763,0.2132508555059861
26,38,1.7,0.175,0.22254678780813356,0.500339894520937
26,39,1.5,0.125,0.07466473333454757,0.2447139824645379
26,40,1.5,0.125,0.24215998549989887,0.2677316699663014
26,41,1.4,0.0999999999999999,0.32674350006158215,0.3088936663912654
26,42,1.3,0.075,0.09288700703014197,0.0741034647148584
26,43,1.5,0.125,0.2535369174183244,0.22975896710385674
26,44,1.1,0.025,0.14562084925555305,0.21797661683835362
26,45,1.2,0.0499999999999999,0.05878749907787689,0.40682320313554965
26,46,1.9,0.2249999999999999,0.33776714582292156,0.4083285476087833
26,47,1.0,0.0,0.5449523675474666,0.4136807300913382
26,48,1.4,0.0999999999999999,0.3095102760237601,0.31368906911843514
26,49,1.3,0.075,0.1407305088646349,0.3405004668935513
26,50,1.4,0.0999999999999999,0.423004525551826,0.40550801625105665
27,28,2.7,0.425,0.3391844744609959,0.4461069084234957
27,29,1.8,0.2,0.44889125506480587,0.3071453009185478
27,30,1.7,0.175,0.5568540382730764,0.24194624612520027
27,31,1.7,0.175,0.42491866317791316,0.365869577715381
27,32,1.1,0.025,0.40571275434082044,0.12496209998780036
27,33,1.2,0.0499999999999999,0.485440764892445,0.36557067045736674
27,34,1.3,0.075,0.5149293085136716,0.3124142816713426
27,35,1.2,0.0499999999999999,0.3555964558410543,0.2011518625383204
27,36,2.9,0.475,0.6972442179378373,0.3493344942616194
27,37,1.4,0.0999999999999999,0.4028101797302438,0.32625809460959
27,38,1.6,0.15,0.3165700621775077,0.16912055085189373
27,39,1.5,0.125,0.13470277960524607,0.1899089562883015
27,40,1.2,0.0499999999999999,0.4974586933734926,0.361756468591405
27,41,1.0,0.0,0.6906780377168383,0.5415013465224929
27,42,2.1,0.275,0.3029533391829443,0.3850003774534908
27,43,1.4,0.0999999999999999,0.4072224410706359,0.31115409348107176
27,44,1.3,0.075,0.25335159399732066,0.25768436198242894
27,45,2.0,0.25,0.046687537830294334,0.17007301827174762
27,46,1.5,0.125,0.49723267462507265,0.22509623327817388
27,47,1.3,0.075,0.34435698745242893,0.25208013856770534
27,48,1.5,0.125,0.4864754915120463,0.12376799932881247
27,49,1.3,0.075,0.3091144741670384,0.1801305099290919
27,50,1.4,0.0999999999999999,0.47601281631387693,0.15415830647823564
28,29,2.4,0.35,0.3899400060645851,0.3975844477366974
28,30,1.2,0.0499999999999999,0.26928502565988255,0.3972947459498636
28,31,1.3,0.075,0.32503466038144535,0.528928621724043
28,32,1.3,0.075,0.47824666209998157,0.26660627983398083
28,33,1.2,0.0499999999999999,0.3364861281763474,0.19655597548569562
28,34,1.0,0.0,0.16246373674877815,0.27609818784917994
28,35,1.4,0.0999999999999999,0.07015706814265361,0.28869855720992166
28,36,2.9,0.475,0.33285953964725,0.44433975929059466
28,37,1.6,0.15,0.2326506758194658,0.3252760907348642
28,38,1.3,0.075,0.406728792012893,0.21289552261294145
28,39,1.9,0.2249999999999999,0.32282151078596766,0.2595901511689058
28,40,1.5,0.125,0.34380008057675,0.3508498327809895
28,41,1.5,0.125,0.17434746054989236,0.20092679806261715
28,42,2.2,0.3,0.4630482100956842,0.35430981254916816
28,43,1.3,0.075,0.15110389638505006,0.3228029970894263
28,44,1.1,0.025,0.4192818370625364,0.3156898512844519
28,45,1.6,0.15,0.431515907200071,0.30260157057509557
28,46,1.7,0.175,0.24614339332866836,0.2221833968415775
28,47,1.3,0.075,0.15843659432415397,0.3399893268084396
28,48,1.9,0.2249999999999999,0.3182343694121236,0.23522025299277002
28,49,1.3,0.075,0.4078436763476482,0.3667739116869193
28,50,1.7,0.175,0.40263229636656256,0.09682164412195483
29,30,1.3,0.075,0.4432893234234107,0.4567198977691833
29,31,1.4,0.0999999999999999,0.34370706389225947,0.5285722732856629
29,32,1.6,0.15,0.6750979324267713,0.5883361030343232
29,33,1.2,0.0499999999999999,0.48879013038565094,0.33491584112442535
29,34,1.1,0.025,0.2373033929067898,0.20630874034273183
29,35,1.1,0.025,0.3644627437967217,0.3032539613350066
29,36,2.4,0.35,0.3650105551338446,0.2550868436427342
29,37,1.9,0.2249999999999999,0.43836115978070667,0.23531783734279196
29,38,2.0,0.25,0.579539144809615,0.4545301982892878
29,39,1.9,0.2249999999999999,0.12857904618288593,0.3127870852541758
29,40,1.6,0.15,0.27659582421207435,0.33231128970422336
29,41,1.1,0.025,0.31705914448265277,0.3033276655282222
29,42,2.1,0.275,0.30018990617518226,0.30389576164315313
29,43,1.6,0.15,0.33673930747486247,0.31217575012335835
29,44,1.6,0.15,0.4715256769425945,0.38634252577871475
29,45,1.4,0.0999999999999999,0.15074487470458042,0.3731930308514146
29,46,2.8,0.4499999999999999,0.46885922559270016,0.2292722966412559
29,47,1.0,0.0,0.2368647923325591,0.24826256285663703
29,48,1.7,0.175,0.5002725580638372,0.23434607151225006
29,49,1.1,0.025,0.3274074161781074,0.4433887445610587
29,50,1.4,0.0999999999999999,0.6429617253037734,0.4671245200257883
30,31,2.333333333333333,0.3333333333333333,0.4831656436519238,0.5721288824028153
30,32,1.2,0.0499999999999999,0.39831293589328354,0.36433112359471687
30,33,1.2,0.0499999999999999,0.41649304017733474,0.19471594518709479
30,34,1.0,0.0,0.37425896897894173,0.2820571321915397
30,35,2.2,0.3,0.28583130246371286,0.24183255491275815
30,36,1.2,0.0499999999999999,0.5229247153699571,0.27279902422649005
30,37,1.1,0.025,0.36543167415331157,0.2486479295388619
30,38,1.3,0.075,0.29777385109372045,0.38780113103827923
30,39,2.1,0.275,0.09393021059463985,0.31252014530628164
30,40,1.1,0.025,0.38479203109659377,0.3198249554979784
30,41,1.0,0.0,0.43619477558169245,0.28553583559659934
30,42,1.4,0.0999999999999999,0.19656128287023777,0.20775113448058158
30,43,1.1,0.025,0.5054565943371081,0.3742650423010502
30,44,1.0,0.0,0.2582366316553307,0.3249848182106875
30,45,2.0,0.25,0.06473005397831383,0.2868738675564294
30,46,1.2,0.0499999999999999,0.40774376206996915,0.14012719612870014
30,47,1.4,0.0999999999999999,0.39134331035992453,0.4428538446802515
30,48,1.2,0.0499999999999999,0.4575344906828742,0.26270741876895864
30,49,1.0,0.0,0.28735642479311047,0.27838162260191146
30,50,1.4444444444444444,0.1111111111111111,0.43880525910674223,0.2678477641466443
31,32,1.2,0.0499999999999999,0.3955879162778187,0.31104972759366056
31,33,1.0,0.0,0.382522180423974,0.21581026863993089
31,34,1.2,0.0499999999999999,0.3111226700501169,0.27389141511266907
31,35,1.2,0.0499999999999999,0.19440841321399668,0.2757025967063287
31,36,1.5,0.125,0.5310473762454866,0.2719397766706316
31,37,1.2,0.0499999999999999,0.2848094246015578,0.2200929954826728
31,38,1.1,0.025,0.2552808662647311,0.3236715216756857
31,39,2.888888888888889,0.4722222222222222,0.08178223000876045,0.28899509802996515
31,40,1.1,0.025,0.2800404941644747,0.31537437951461383
31,41,1.1,0.025,0.4225250961859062,0.3521940912811009
31,42,1.0,0.0,0.16341897864478172,0.1771723318714955
31,43,1.1,0.025,0.24141335742485673,0.31814940237241884
31,44,1.0,0.0,0.18024297668979514,0.24291434680119686
31,45,1.5,0.125,0.09377271234415649,0.320104898033709
31,46,1.4,0.0999999999999999,0.2968348145952121,0.06636512156684449
31,47,1.4,0.0999999999999999,0.3912039823747666,0.3971169111298334
31,48,1.1,0.025,0.44401120821724044,0.31299290541523295
31,49,1.1,0.025,0.23663457954607325,0.45483184655386105
31,50,1.1,0.025,0.39112730439867605,0.12911350369576605
32,33,2.1,0.275,0.5144037612957941,0.2971069362825866
32,34,1.2,0.0499999999999999,0.28966547160049655,0.3606514403868121
32,35,1.0,0.0,0.226742458997,0.4020402665396079
32,36,1.7,0.175,0.3868679404373,0.2063605608947664
32,37,1.1,0.025,0.3709676886196518,0.21078526942244533
32,38,1.3333333333333333,0.0833333333333333,0.6053541482625013,0.6789494090190659
32,39,1.6,0.15,0.23830293575391626,0.45908294617351364
32,40,1.5,0.125,0.32076790318770054,0.25520178789103015
32,41,1.1,0.025,0.29619077284162937,0.25939869668348536
32,42,1.8,0.2,0.4536611279943119,0.3062456302640438
32,43,1.4,0.0999999999999999,0.30372195802812996,0.2292019913468823
32,44,2.3,0.3249999999999999,0.5191044100026952,0.39195192417823205
32,45,4.222222222222222,0.8055555555555556,0.45545634595512074,0.742653507720314
32,46,1.2,0.0499999999999999,0.3425967332961678,0.35814573508469044
32,47,1.1,0.025,0.24459098333243012,0.2122844297799334
32,48,1.5,0.125,0.41808144840353045,0.19803767973100914
32,49,1.8,0.2,0.38445812074090147,0.5276438831323873
32,50,4.6,0.8999999999999999,0.8963438137337036,0.8416858395052441
33,34,1.2,0.0499999999999999,0.29557306173868114,0.420812757047153
33,35,1.2,0.0499999999999999,0.20940103146374012,0.2074617949124173
33,36,1.2,0.0499999999999999,0.48813684678217517,0.31657291755588135
33,37,1.4,0.0999999999999999,0.35269057523347647,0.12171773186350746
33,38,2.0,0.25,0.4647335999315685,0.3620217781967796
33,39,1.3,0.075,0.1935303517918063,0.37142641882983857
33,40,1.5,0.125,0.2571539964587955,0.2733704999735641
33,41,1.0,0.0,0.3935205778834533,0.37429254249972843
33,42,1.2,0.0499999999999999,0.42700018027413683,0.1760777403145503
33,43,1.4,0.0999999999999999,0.2085374723572241,0.23182632374545023
33,44,1.1,0.025,0.3827309919649232,0.24342870489640606
33,45,1.5,0.125,0.2660917152153785,0.3197257687756693
33,46,1.3,0.075,0.5351418608703673,0.5394324532259471
33,47,1.1,0.025,0.26689250000149434,0.3564732751168955
33,48,2.1,0.275,0.46273777751429546,0.34688888723200956
33,49,1.4,0.0999999999999999,0.32849359495595354,0.5058190233937121
33,50,3.4,0.6,0.5546529125131497,0.42162072241168425
34,35,1.0,0.0,0.1807215493997631,0.2975425450133877
34,36,1.1,0.025,0.47776472288820215,0.4747700635388004
34,37,2.9,0.475,0.24651947256920678,0.2289921411539576
34,38,1.1,0.025,0.17565303540176816,0.351506367105155
34,39,1.1,0.025,0.018753913575645674,0.3361004535042655
34,40,2.9,0.475,0.3367985777888476,0.15805305416319437
34,41,3.5,0.625,0.7348078153703977,0.4040228936007521
34,42,1.4,0.0999999999999999,0.1759929513935602,0.20748524631658438
34,43,1.8,0.2,0.34695534454005844,0.22271773793088234
34,44,1.3,0.075,0.2560480637169591,0.28264739862238025
34,45,1.1,0.025,0.09552137949223136,0.3497234358059455
34,46,1.0,0.0,0.312397432126827,0.2902257395739131
34,47,1.8,0.2,0.2941255506708951,0.4304711431125015
34,48,1.0,0.0,0.22400636277952712,0.2522224740058278
34,49,1.0,0.0,0.17787613140749947,0.5320668322904909
34,50,1.1,0.025,0.3419729925642133,0.3571403181886753
35,36,1.0,0.0,0.2757037251715201,0.1766895220279639
35,37,1.0,0.0,0.22966708554405257,0.38455285336589123
35,38,1.1,0.025,0.1338100130918496,0.4331814452614176
35,39,1.1,0.025,0.17366211773741141,0.4872822935255053
35,40,1.4,0.0999999999999999,0.1167823692239394,0.22876985104091188
35,41,1.2,0.0499999999999999,0.23930707752402214,0.33633333639322993
35,42,1.1,0.025,0.03067016613174648,0.292121310917149
35,43,1.0,0.0,0.410616102903524,0.32595528239889165
35,44,1.2,0.0499999999999999,0.1042939442640618,0.35412673383288346
35,45,1.7,0.175,-0.07517328729709283,0.34074842801654365
35,46,1.2,0.0499999999999999,0.31841637411021523,0.3581644755828263
35,47,1.1,0.025,0.0714447580364708,0.2732605106278595
35,48,1.0,0.0,0.14655690076686362,0.49832956581006466
35,49,1.0,0.0,0.046983743620598005,0.18220439609226188
35,50,1.1,0.025,0.19139766422771542,0.4520369970685304
36,37,1.6,0.15,0.48465964293380626,0.31553556121628834
36,38,1.9,0.2249999999999999,0.42874968502683286,0.1953412444301979
36,39,1.4,0.0999999999999999,0.21789497024119686,0.11649189859146648
36,40,1.5,0.125,0.6544990111365985,0.43660713366629117
36,41,1.0,0.0,0.44435866711571925,0.11893872663145293
36,42,2.4,0.35,0.4859929720174311,0.42171864916337815
36,43,1.6,0.15,0.5585904571992116,0.21160297021631433
36,44,1.4,0.0999999999999999,0.30247926102354644,0.3489915598210779
36,45,1.3,0.075,0.18090670202286013,0.2675200781097051
36,46,2.1,0.275,0.4748162048560104,0.2699418678315353
36,47,1.4,0.0999999999999999,0.3425992673208843,0.22309941746977582
36,48,2.6,0.4,0.4521128667903236,0.1272816494744611
36,49,1.2,0.0499999999999999,0.3528302848903011,0.4914100157624326
36,50,1.5,0.125,0.4738231555115811,0.1780284227569389
37,38,1.8,0.2,0.4780806124289451,0.333889294287021
37,39,1.4,0.0999999999999999,0.08674148823379794,0.2135679402746989
37,40,3.7,0.675,0.43488636973322975,0.38578434669500455
37,41,2.2,0.3,0.24743145578380632,0.2540654061471609
37,42,1.7272727272727273,0.1818181818181818,0.2864748041176378,0.352355360667765
37,43,3.6,0.65,0.5119442005418141,0.6405181444818637
37,44,1.8,0.2,0.29352328638214087,0.2048310327881929
37,45,1.2,0.0499999999999999,0.10954864998165367,0.1437525069301087
37,46,1.7272727272727273,0.1818181818181818,0.3567919856636812,0.2891285739509202
37,47,3.0,0.5,0.22537654032532675,0.22431141604782218
37,48,1.9,0.2249999999999999,0.3449818253073649,0.21272454715043174
37,49,1.1,0.025,0.21009926044624974,0.1793005426009705
37,50,1.6,0.15,0.4464487924478264,0.23813152530368892
38,39,1.1,0.025,0.22648624068003126,0.32819967886730267
38,40,1.7,0.175,0.4284091577781659,0.2991472271318049
38,41,1.0,0.0,0.1435131539993052,0.26306660216753636
38,42,1.8,0.2,0.4966809359823414,0.24167556998842102
38,43,1.4,0.0999999999999999,0.2907913794629655,0.2678375274229072
38,44,1.5,0.125,0.4517010437234241,0.34982475244221384
38,45,1.1,0.025,0.3577529722946021,0.5122768181735209
38,46,1.5,0.125,0.34859068708971014,0.4139751986234473
38,47,1.2,0.0499999999999999,0.21921557171485911,0.18472285197240343
38,48,1.6,0.15,0.4556803409966629,0.39161654287396414
38,49,1.1,0.025,0.3848135137542912,0.29835427157249467
38,50,2.0,0.25,0.6731246174464365,0.7021884452338938
39,40,1.3,0.075,0.18007568809055513,0.24113100736981538
39,41,1.0,0.0,0.024401665391608658,0.4005526296901659
39,42,1.1,0.025,0.45759268163061395,0.306699986022681
39,43,1.4,0.0999999999999999,0.06378517038464779,0.29764984531925154
39,44,1.1111111111111112,0.0277777777777777,0.3746144694743092,0.3248764414073397
39,45,1.8,0.2,0.6390728969376296,0.5204969170700188
39,46,2.0,0.25,0.11902947946920342,0.26794157549524744
39,47,1.2,0.0499999999999999,0.07196559664389748,0.2955946264347861
39,48,1.4,0.0999999999999999,0.1176582807934782,0.3219410849283714
39,49,1.4,0.0999999999999999,0.6500867830715709,0.41496387574937044
39,50,2.0,0.25,0.15617755202803324,0.4148178759867148
40,41,1.8,0.2,0.3518878272542552,0.34299661498935524
40,42,1.3,0.075,0.5124233574495142,0.45187161833547407
40,43,4.333333333333333,0.8333333333333333,0.6760776575899647,0.382010838894275
40,44,1.8,0.2,0.4142251802881437,0.4595640266719003
40,45,1.2,0.0499999999999999,0.16623247537396596,0.3225523819565578
40,46,1.4444444444444444,0.1111111111111111,0.3398481935449573,0.2852315960750435
40,47,3.0,0.5,0.28076405956041306,0.3900860382410612
40,48,1.1,0.025,0.3681608073557672,0.3352002498367935
40,49,1.3,0.075,0.4060853216083383,0.20022392060581787
40,50,1.3,0.075,0.40907403946545673,0.3384554198945587
41,42,1.3,0.075,0.13907822796031336,0.2793756933515741
41,43,1.7,0.175,0.3324862744239021,0.3251081460373764
41,44,1.2,0.0499999999999999,0.21899303524740865,0.18089847896988542
41,45,1.0,0.0,0.02872259432584867,0.25036833203489356
41,46,1.1,0.025,0.36175427963842305,0.0614184579650228
41,47,1.8,0.2,0.27396101321078103,0.4173617323173962
41,48,1.0,0.0,0.2564305175817396,0.29244563412998137
41,49,1.0,0.0,0.239933010107458,0.19524901130570718
41,50,1.3,0.075,0.3192663061197548,0.31263512943442373
42,43,1.5,0.125,0.24742762822401926,0.3141254177293911
42,44,2.9,0.475,0.7268706610058197,0.5538287905726379
42,45,1.3,0.075,0.5575870891561772,0.393313016580628
42,46,1.7,0.175,0.19467504800784788,0.22495719092802838
42,47,1.2,0.0499999999999999,0.16728219895929108,0.26339155748265886
42,48,1.6,0.15,0.3230205001049796,0.28874584828755734
42,49,1.3,0.075,0.5109445245685216,0.35594721843502974
42,50,1.2,0.0499999999999999,0.3677579922232411,0.2833436333487148
43,44,1.4,0.0999999999999999,0.24084431992538352,0.2094595184639726
43,45,1.2,0.0499999999999999,0.023786082310954533,0.20400022502472911
43,46,1.2,0.0499999999999999,0.35115321675656785,0.12280635242130648
43,47,1.8,0.2,0.2361669757144596,0.3124441821999705
43,48,2.0,0.25,0.28646032437849556,0.23154532446148507
43,49,1.2,0.0499999999999999,0.25370276049722484,0.22474810165102968
43,50,1.4545454545454546,0.1136363636363636,0.3216696923849658,0.2311625277932549
44,45,1.9,0.2249999999999999,0.46099947294824783,0.28814506233125703
44,46,1.4,0.0999999999999999,0.20910970350429164,0.25864508249481266
44,47,1.5,0.125,0.18223888872598798,0.3618469696192845
44,48,1.3,0.075,0.2909921548747216,0.40975733190395536
44,49,2.1,0.275,0.42681115001356007,0.2788808486957848
44,50,1.4444444444444444,0.1111111111111111,0.4550840616487698,0.49208641839650635
45,46,1.2,0.0499999999999999,0.042464816877103795,0.367538240120613
45,47,1.2,0.0499999999999999,0.1110289500323687,0.3135047581150575
45,48,1.5,0.125,0.10986667883382012,0.29118655146918804
45,49,1.7,0.175,0.573331600787818,0.5613403049169059
45,50,3.6,0.65,0.26046126351917426,0.6151016792548422
46,47,1.0,0.0,0.25817015993099934,0.19082969561728494
46,48,2.0,0.25,0.46159526756147484,0.38088008153569475
46,49,1.4,0.0999999999999999,0.2139783440014339,0.32466571368198155
46,50,1.9,0.2249999999999999,0.4395367572756612,0.44576183195456615
47,48,1.2,0.0499999999999999,0.4535474444405031,0.3415404718176318
47,49,1.1,0.025,0.16361448370196882,0.315506395096688
47,50,1.2,0.0499999999999999,0.2941054281333007,0.22739840071957432
48,49,1.1,0.025,0.24476624853485923,0.20117446320716031
48,50,1.5,0.125,0.5095441390974496,0.3150533822964065
49,50,1.8,0.2,0.320798873921167,0.3329322368740776
